customerID,churn_prob,V_i,c_i,E_i,ROI_ratio
5808-['Q' 'T' 'Y' 'A' 'I'],0.9570250426488022,1339.08,200.862,183.59792823304738,0.9140500852976042
5655-['P' 'E' 'C' 'U' 'Y'],0.9460927695761923,1352.16,202.824,180.95663979304322,0.8921855391523844
4478-['M' 'U' 'G' 'Y' 'Z'],0.9557006268994982,1298.28,194.742,177.48810296732412,0.9114012537989963
8425-['Y' 'H' 'L' 'V' 'I'],0.9542941025251553,1280.52,192.078,174.51980524965356,0.9085882050503106
9353-['K' 'V' 'H' 'A' 'V'],0.9300568103033796,1342.56,201.384,173.21312137227162,0.8601136206067593
8037-['B' 'C' 'K' 'F' 'N'],0.9529019067533046,1257.1200000000001,188.568,170.8056135053143,0.9058038135066093
6981-['R' 'L' 'W' 'D' 'Y'],0.8880464404223809,1424.4,213.66,165.82000492129183,0.7760928808447619
3384-['Y' 'A' 'D' 'W' 'O'],0.9091279157152196,1341.84,201.27599999999998,164.69526072699304,0.8182558314304391
1109-['Q' 'A' 'I' 'T' 'U'],0.905639335088511,1351.32,202.69799999999998,164.44456388754196,0.8112786701770218
8034-['Y' 'N' 'B' 'G' 'Q'],0.9003251194756876,1348.44,202.266,161.94432123173888,0.8006502389513753
3962-['K' 'I' 'U' 'F' 'Y'],0.9120075549615421,1298.8799999999999,194.83199999999997,160.54451189653426,0.8240151099230839
3657-['H' 'L' 'U' 'P' 'H'],0.9194341547380906,1274.04,191.106,160.31276715075506,0.8388683094761811
4701-['V' 'H' 'Q' 'G' 'A'],0.9140085819462113,1288.08,193.212,159.98285226998274,0.8280171638924226
9805-['J' 'K' 'Z' 'X' 'F'],0.9252315222700439,1250.16,187.524,159.48223196433548,0.8504630445400881
8214-['C' 'B' 'V' 'H' 'H'],0.9216647161739295,1257.24,188.58599999999998,159.0401243287533,0.843329432347859
4417-['N' 'J' 'G' 'W' 'X'],0.9157831726694637,1254.6,188.18999999999997,156.4924705293328,0.8315663453389278
4271-['O' 'K' 'H' 'L' 'C'],0.8777787222840666,1373.76,206.064,155.69318925748783,0.7555574445681333
3779-['D' 'A' 'F' 'X' 'S'],0.9021782716707961,1288.1999999999998,193.22999999999996,155.42581486989582,0.8043565433415921
8144-['A' 'Y' 'Q' 'P' 'R'],0.9341803431567938,1190.04,178.506,155.00759267109325,0.8683606863135875
9801-['V' 'B' 'J' 'T' 'O'],0.9239208421932991,1214.8799999999999,182.23199999999997,154.50388582913854,0.8478416843865982
4170-['V' 'D' 'K' 'W' 'Z'],0.9048713268792045,1271.8799999999999,190.78199999999998,154.48432296933674,0.8097426537584088
9239-['P' 'W' 'X' 'A' 'X'],0.8898769066332668,1314.48,197.172,153.74561886938895,0.7797538132665336
2238-['K' 'O' 'R' 'F' 'V'],0.9094490979159136,1229.4,184.41,151.01301629334725,0.8188981958318272
9083-['U' 'S' 'R' 'W' 'E'],0.9383940026140708,1148.04,172.206,150.98815522831737,0.8767880052281417
9255-['L' 'V' 'I' 'J' 'U'],0.9010706894945031,1254.1200000000001,188.11800000000002,150.89723193265385,0.8021413789890061
4849-['M' 'B' 'C' 'S' 'F'],0.9074378242653339,1234.32,185.148,150.87259657415612,0.8148756485306681
1954-['K' 'F' 'F' 'G' 'P'],0.9177834965861427,1202.6399999999999,180.396,150.73294330030754,0.8355669931722851
5664-['V' 'T' 'P' 'T' 'X'],0.8820711256918965,1304.04,195.606,149.4708092241782,0.7641422513837929
8041-['X' 'O' 'G' 'A' 'E'],0.8463952933410039,1425.0,213.75,148.08398790327914,0.6927905866820077
4944-['M' 'P' 'U' 'J' 'J'],0.9311470762064455,1144.8000000000002,171.72000000000003,148.0731518523417,0.8622941524128912
2822-['P' 'B' 'Q' 'Z' 'B'],0.9207238935781992,1172.4,175.86,147.9770078493242,0.8414477871563982
2051-['I' 'E' 'U' 'Q' 'F'],0.9136664390041067,1179.3600000000001,176.90400000000002,146.35849545116494,0.8273328780082131
7861-['O' 'J' 'X' 'I' 'L'],0.9661666508593794,1044.84,156.72599999999997,146.12086904517415,0.9323333017187587
7276-['T' 'Y' 'F' 'F' 'R'],0.872292057643585,1300.44,195.066,145.2430450326071,0.7445841152871701
1473-['X' 'I' 'X' 'S' 'Y'],0.9017062707983284,1200.84,180.12599999999998,144.71548746763943,0.8034125415966571
1288-['I' 'U' 'M' 'S' 'G'],0.9207554311715037,1145.6399999999999,171.84599999999998,144.61027565019643,0.8415108623430074
1370-['E' 'Y' 'U' 'G' 'K'],0.8921964988071112,1226.28,183.94199999999998,144.28281676715525,0.7843929976142222
1984-['A' 'S' 'W' 'P' 'O'],0.9437990892713253,1081.8000000000002,162.27,144.03055643211596,0.8875981785426508
2283-['T' 'P' 'O' 'O' 'F'],0.8599749111828235,1330.56,199.58399999999997,143.6904653470253,0.7199498223656472
4915-['O' 'V' 'U' 'M' 'F'],0.8834056136543388,1242.1200000000001,186.318,142.8707342496982,0.7668112273086776
9625-['V' 'W' 'S' 'Y' 'M'],0.9075913552030418,1164.3600000000001,174.65400000000002,142.37492110326414,0.8151827104060836
4501-['K' 'T' 'F' 'H' 'S'],0.8818801660071868,1241.28,186.19199999999998,142.20606373842023,0.7637603320143735
2759-['M' 'W' 'S' 'X' 'S'],0.8849799693315608,1225.92,183.888,141.5863932008841,0.7699599386631215
2060-['L' 'Y' 'A' 'G' 'X'],0.9181733724173022,1126.56,168.98399999999998,141.3292183291308,0.8363467448346046
5030-['K' 'E' 'N' 'S' 'H'],0.9529289542706183,1039.1999999999998,155.87999999999997,141.2051307834079,0.9058579085412364
5340-['Q' 'X' 'G' 'G' 'U'],0.9307335687824811,1089.96,163.494,140.84470818904597,0.8614671375649625
1001-['N' 'J' 'R' 'R' 'R'],0.8796610496342028,1235.6399999999999,185.34599999999998,140.73731381100188,0.7593220992684055
3737-['M' 'J' 'X' 'H' 'J'],0.8978854222624636,1179.0,176.85,140.7320738542334,0.7957708445249273
6850-['H' 'O' 'X' 'U' 'I'],0.9584033127761672,1020.1200000000001,153.018,140.2879162287671,0.9168066255523344
1432-['P' 'D' 'J' 'V' 'O'],0.9117703207018139,1135.32,170.29799999999997,140.24732414975503,0.823540641403628
5133-['W' 'I' 'T' 'H' 'J'],0.8970355943074041,1168.92,175.338,139.23085406934328,0.7940711886148084
8026-['V' 'O' 'O' 'K' 'H'],0.8449286023007072,1344.96,201.744,139.17455188510777,0.6898572046014145
7748-['S' 'S' 'F' 'M' 'S'],0.8813159022269363,1209.24,181.386,138.33073248267013,0.7626318044538726
1855-['U' 'S' 'G' 'W' 'I'],0.8916222986681701,1175.8799999999999,176.38199999999998,138.15024856737833,0.7832445973363401
6039-['B' 'H' 'K' 'R' 'C'],0.9128063581930725,1115.16,167.274,138.10354152077605,0.8256127163861452
1677-['X' 'J' 'S' 'L' 'N'],0.8649100935686527,1256.4,188.46,137.5419124678966,0.7298201871373055
7104-['W' 'V' 'U' 'W' 'S'],0.8601160775010688,1271.52,190.72799999999998,137.3684384592477,0.7202321550021377
2613-['X' 'H' 'Z' 'Y' 'V'],0.902708765474413,1137.0,170.54999999999998,137.3639599033223,0.8054175309488262
1025-['D' 'J' 'P' 'T' 'B'],0.8586000662510651,1269.84,190.47599999999997,136.60941243847574,0.7172001325021302
5018-['R' 'S' 'A' 'H' 'V'],0.8749757498695654,1206.96,181.044,135.77421931877117,0.7499514997391307
1715-['S' 'B' 'G' 'W' 'E'],0.8938085035469048,1145.8799999999999,171.88199999999998,135.37718641329818,0.7876170070938097
9459-['U' 'Y' 'K' 'I' 'R'],0.9118124740270873,1093.44,164.016,135.0876694800535,0.8236249480541746
6422-['H' 'G' 'B' 'M' 'W'],0.8758370685329973,1196.52,179.47799999999998,134.9089707723306,0.7516741370659948
3956-['N' 'K' 'J' 'C' 'Q'],0.9180802418021056,1075.56,161.33399999999997,134.90111546180182,0.8361604836042114
6694-['R' 'O' 'H' 'K' 'Q'],0.9004476834558202,1118.04,167.706,134.3149584032835,0.8008953669116401
5076-['G' 'O' 'C' 'L' 'H'],0.8579379279937952,1250.28,187.542,134.25678978362467,0.7158758559875903
1603-['W' 'S' 'I' 'U' 'X'],0.8555705371743981,1257.84,188.676,134.17525334383345,0.7111410743487961
6724-['J' 'L' 'I' 'A' 'E'],0.8429811398063012,1302.84,195.426,134.05486445557244,0.6859622796126025
9662-['Z' 'A' 'Y' 'X' 'W'],0.8581912809187717,1246.8000000000002,187.02,133.9778667148574,0.7163825618375436
5698-['X' 'X' 'B' 'N' 'M'],0.9292983378012801,1037.04,155.55599999999998,133.55986447003187,0.8585966756025604
3472-['G' 'D' 'M' 'Q' 'B'],0.8418854172919632,1299.48,194.922,133.28197861876814,0.6837708345839266
7147-['E' 'M' 'W' 'P' 'V'],0.8919704079976523,1131.48,169.722,133.05200317235509,0.7839408159953045
8501-['E' 'V' 'W' 'E' 'R'],0.9025994965326802,1099.8000000000002,164.97000000000003,132.83367788599253,0.8051989930653604
9995-['G' 'M' 'K' 'H' 'S'],0.9019724616806251,1098.96,164.844,132.52549694656193,0.8039449233612502
3941-['W' 'Z' 'E' 'T' 'F'],0.9210065224505963,1047.48,157.12199999999999,132.2987736409652,0.8420130449011929
3079-['Q' 'Q' 'S' 'J' 'B'],0.9349972434655327,1013.76,152.064,132.29484166068553,0.8699944869310655
2906-['O' 'Y' 'W' 'E' 'J'],0.8716566336234388,1182.96,177.444,131.89647939335495,0.7433132672468776
2497-['Y' 'J' 'T' 'N' 'A'],0.8709003039533151,1184.76,177.714,131.8283532335189,0.7418006079066303
8004-['O' 'W' 'E' 'V' 'C'],0.9582517740690942,958.92,143.838,131.82803735710073,0.9165035481381884
1297-['H' 'N' 'R' 'I' 'V'],0.9095156738356923,1071.0,160.65,131.5773860034079,0.8190313476713843
6985-['K' 'A' 'M' 'E' 'R'],0.9179499951475263,1048.08,157.212,131.41350927426578,0.8358999902950525
9035-['H' 'Z' 'B' 'W' 'H'],0.931471933600323,1012.44,151.866,131.0518333362933,0.8629438672006459
1376-['Q' 'J' 'X' 'E' 'S'],0.9021771274429058,1084.56,162.684,130.85556760184338,0.8043542548858116
5589-['K' 'B' 'R' 'G' 'L'],0.8477159622679166,1254.24,188.136,130.83578055447347,0.695431924535833
8086-['Q' 'N' 'N' 'R' 'T'],0.9024817510843095,1073.6399999999999,161.04599999999996,129.6361521702474,0.8049635021686191
4871-['O' 'L' 'A' 'M' 'N'],0.8782408024929098,1140.3600000000001,171.054,129.39920445924443,0.7564816049858198
5587-['B' 'M' 'H' 'Z' 'W'],0.9523159216383952,953.4000000000001,143.01000000000002,129.3713999070138,0.9046318432767902
8190-['E' 'U' 'E' 'J' 'J'],0.8652327413205232,1179.48,176.922,129.23541411981918,0.7304654826410463
8118-['D' 'M' 'W' 'Y' 'E'],0.840445915164169,1258.56,188.784,128.54148329670494,0.6808918303283379
7601-['L' 'Q' 'G' 'V' 'H'],0.9178800180924521,1022.64,153.396,128.20224651061957,0.8357600361849044
3103-['N' 'X' 'H' 'G' 'H'],0.9344125618170341,982.92,147.438,128.0978385783597,0.8688251236340679
8457-['W' 'M' 'G' 'W' 'Q'],0.9126922591185137,1031.28,154.69199999999998,127.68038189512222,0.8253845182370274
3931-['W' 'Y' 'B' 'M' 'X'],0.9305272111492809,986.76,148.01399999999998,127.44810926209934,0.861054422298562
5942-['R' 'D' 'S' 'T' 'Z'],0.8702252490386272,1145.76,171.864,127.25678440154925,0.7404504980772544
4349-['O' 'I' 'S' 'H' 'V'],0.8953794803044907,1072.1999999999998,160.82999999999996,127.17776363474243,0.7907589606089813
5954-['E' 'B' 'I' 'K' 'T'],0.9262348098337186,994.1999999999999,149.13,127.12879438100492,0.8524696196674373
6273-['K' 'R' 'N' 'N' 'F'],0.9472906000318785,945.36,141.804,126.85519249384103,0.8945812000637572
9488-['F' 'K' 'Y' 'F' 'F'],0.8577268690837082,1171.56,175.73399999999998,125.72954722311272,0.7154537381674163
4770-['F' 'N' 'Z' 'X' 'M'],0.9245650102146656,986.04,147.90599999999998,125.59142480162066,0.8491300204293314
3204-['G' 'R' 'B' 'B' 'Z'],0.9541529103353151,916.1999999999999,137.42999999999998,124.82846893476469,0.9083058206706301
5251-['Z' 'Z' 'G' 'G' 'E'],0.8790194514052163,1095.72,164.358,124.58975798811707,0.7580389028104325
9769-['U' 'O' 'F' 'E' 'V'],0.8963383388754975,1041.84,156.27599999999998,123.8763404922145,0.7926766777509952
7368-['A' 'I' 'M' 'A' 'M'],0.8493120719478799,1179.0,176.85,123.55167984796512,0.6986241438957598
8028-['P' 'R' 'U' 'W' 'W'],0.8931472779671069,1047.0,157.04999999999998,123.48756000946824,0.7862945559342136
4223-['B' 'V' 'A' 'N' 'Y'],0.8711160403625008,1105.68,165.852,123.10067505240292,0.7422320807250014
6489-['A' 'G' 'C' 'N' 'L'],0.8698968119081286,1109.28,166.392,123.09574065403461,0.7397936238162569
2637-['E' 'E' 'S' 'S' 'F'],0.8700318171461823,1104.96,165.744,122.66110700215367,0.7400636342923645
5142-['J' 'Q' 'G' 'Y' 'B'],0.8516493417647655,1161.3600000000001,174.204,122.5174438655784,0.7032986835295308
5016-['E' 'Z' 'H' 'L' 'Y'],0.8977997452094307,1023.36,153.504,122.1277041772569,0.7955994904188615
6086-['C' 'O' 'B' 'Y' 'Y'],0.8701591281500984,1097.04,164.55599999999998,121.8238109837352,0.740318256300197
5144-['I' 'Q' 'E' 'Z' 'Y'],0.8379570928658104,1201.32,180.19799999999998,121.79838444046658,0.6759141857316208
1318-['I' 'F' 'T' 'C' 'H'],0.8904581573143651,1039.44,155.916,121.75734811165307,0.78091631462873
4434-['N' 'J' 'S' 'X' 'U'],0.8904192224962896,1038.0,155.7,121.57654588534461,0.7808384449925795
7909-['F' 'P' 'Z' 'E' 'N'],0.8401108342926114,1188.3600000000001,178.25400000000002,121.25223331199027,0.6802216685852225
5121-['X' 'A' 'Q' 'C' 'R'],0.8988593874554107,1012.08,151.812,121.10328265676162,0.7977187749108213
6969-['Z' 'X' 'D' 'H' 'Q'],0.8637844124459406,1108.8000000000002,166.32000000000002,121.00924695601768,0.7275688248918811
1202-['X' 'Q' 'F' 'X' 'E'],0.9065279432971456,990.36,148.554,120.7827041771283,0.813055886594291
4598-['W' 'F' 'R' 'X' 'T'],0.8907030233607764,1029.48,154.422,120.66628454683561,0.7814060467215527
4310-['H' 'V' 'I' 'O' 'P'],0.8990828977130647,1003.1999999999999,150.48,120.10798889572393,0.7981657954261293
1818-['S' 'W' 'Z' 'L' 'W'],0.8927973311914786,1017.24,152.58599999999998,119.87074715436594,0.7855946623829575
5846-['Y' 'G' 'E' 'O' 'T'],0.8717696287487657,1068.3600000000001,160.25400000000002,119.1551401710094,0.7435392574975314
4196-['F' 'J' 'J' 'Z' 'K'],0.9355591040868697,911.64,136.74599999999998,119.1219304949262,0.8711182081737397
1663-['O' 'V' 'X' 'I' 'T'],0.9071485316777406,972.1200000000001,145.818,118.73916918436956,0.8142970633554811
5207-['X' 'D' 'P' 'Q' 'B'],0.8691851740874883,1071.6,160.73999999999998,118.6856497656457,0.7383703481749765
3063-['L' 'Z' 'X' 'F' 'F'],0.8709599737450469,1059.0,158.85,117.85398365880141,0.7419199474900939
2309-['A' 'X' 'N' 'D' 'E'],0.8401248150883928,1154.16,173.124,117.76753697472586,0.6802496301767857
8005-['U' 'Z' 'X' 'T' 'E'],0.8791749169848226,1034.76,155.214,117.70651112976452,0.7583498339696453
6299-['F' 'U' 'X' 'A' 'Q'],0.916837164742227,938.52,140.778,117.36300475616244,0.8336743294844539
1026-['F' 'D' 'K' 'U' 'R'],0.8573058124755273,1086.84,163.02599999999998,116.50027476927065,0.7146116249510548
6017-['S' 'E' 'E' 'T' 'Q'],0.8656345668513616,1059.6,158.93999999999997,116.22791611071082,0.7312691337027233
6419-['J' 'B' 'I' 'B' 'W'],0.8482017152435427,1109.04,166.356,115.85088908210957,0.6964034304870854
8446-['B' 'U' 'Z' 'T' 'P'],0.8493105333876122,1104.72,165.708,115.76709973318887,0.6986210667752243
3233-['F' 'L' 'O' 'W' 'S'],0.8890203531388519,983.28,147.492,114.75477985031105,0.7780407062777036
9779-['W' 'U' 'X' 'D' 'L'],0.865493134109091,1044.6,156.68999999999997,114.53823836710697,0.7309862682181824
4268-['G' 'C' 'D' 'Y' 'O'],0.8856713349551459,987.1200000000001,148.068,114.21116644827711,0.7713426699102919
1285-['I' 'A' 'X' 'T' 'Y'],0.8420884940933273,1108.44,166.266,113.75537111784232,0.6841769881866546
8520-['L' 'B' 'G' 'K' 'M'],0.8421489279527292,1104.24,165.636,113.34435966075651,0.6842978559054584
1392-['V' 'J' 'N' 'K' 'Q'],0.9429554483754975,846.36,126.954,112.46993198612581,0.885910896750995
9131-['F' 'P' 'Z' 'Y' 'E'],0.8595142637274985,1041.3600000000001,156.204,112.31513210258038,0.7190285274549971
3511-['Y' 'L' 'D' 'E' 'B'],0.8813124076448656,981.1200000000001,147.168,112.23396881655918,0.7626248152897314
8929-['U' 'H' 'I' 'M' 'Q'],0.8882974177141629,962.8799999999999,144.432,112.1651452705839,0.7765948354283255
5042-['O' 'L' 'Z' 'X' 'V'],0.875528944998589,994.44,149.166,112.0323012193191,0.7510578899971783
8938-['X' 'F' 'Q' 'W' 'M'],0.8422993145123554,1088.4,163.26000000000002,111.76757217457427,0.6845986290247106
8867-['F' 'P' 'B' 'W' 'R'],0.8526667035833398,1053.48,158.022,111.45819566729307,0.7053334071666798
4968-['O' 'M' 'Q' 'X' 'Z'],0.8381505365524146,1093.68,164.052,110.9485436449934,0.676301073104829
5513-['L' 'U' 'N' 'P' 'K'],0.8362056317693543,1097.52,164.628,110.69772149385051,0.6724112635387086
9334-['C' 'W' 'U' 'M' 'U'],0.8804106931013703,969.5999999999999,145.43999999999997,110.65386240932659,0.7608213862027408
1674-['W' 'R' 'T' 'Z' 'I'],0.9103008122204548,898.1999999999999,134.73,110.55965686092372,0.8206016244409094
1497-['P' 'N' 'Q' 'Q' 'C'],0.9042137339731716,910.1999999999999,136.52999999999997,110.37460219871423,0.8084274679463433
9316-['X' 'G' 'J' 'I' 'B'],0.88173028025165,963.36,144.504,110.32310483496889,0.7634605605033002
7881-['F' 'R' 'B' 'R' 'O'],0.8692090070198611,993.72,149.058,110.06711233673292,0.7384180140397223
4495-['Y' 'W' 'V' 'Z' 'F'],0.900781365451165,912.72,136.908,109.74035036237623,0.8015627309023303
1373-['S' 'O' 'Z' 'F' 'Z'],0.8597899518480314,1015.92,152.38799999999998,109.65534236443563,0.719579903696063
6533-['V' 'M' 'S' 'C' 'Z'],0.8527640609327714,1032.84,154.926,109.30464980814105,0.7055281218655426
7973-['D' 'S' 'K' 'E' 'X'],0.8534638450912907,1020.24,153.036,108.18538599478154,0.7069276901825815
6690-['K' 'E' 'B' 'H' 'N'],0.8608924477426839,997.92,149.688,108.04253743541369,0.7217848954853676
7260-['E' 'K' 'W' 'K' 'M'],0.8800099396496689,946.44,141.966,107.89698218460981,0.7600198792993379
7558-['K' 'J' 'X' 'Y' 'L'],0.8792692714119014,920.4000000000001,138.06,104.72383122225423,0.758538542823803
3732-['J' 'P' 'M' 'D' 'U'],0.9316765341038517,802.56,120.38399999999999,103.93389576311617,0.8633530682077035
1987-['H' 'B' 'I' 'N' 'V'],0.867295131867171,942.24,141.33599999999998,103.82404951515699,0.7345902637343422
6656-['H' 'U' 'B' 'V' 'H'],0.8648986940046265,947.8799999999999,142.182,103.76405222193156,0.7297973880092528
5701-['Z' 'O' 'Q' 'W' 'K'],0.8611808091308915,945.96,141.894,102.49877946163744,0.722361618261783
1093-['S' 'G' 'E' 'C' 'Y'],0.8968075041531073,854.1600000000001,128.124,101.68112932422545,0.7936150083062147
4908-['V' 'T' 'V' 'X' 'C'],0.8606653311179321,931.56,139.73399999999998,100.79441875686624,0.7213306622358642
4201-['Q' 'F' 'I' 'S' 'E'],0.8370239453733969,993.72,149.058,100.4722304989356,0.6740478907467939
9562-['I' 'P' 'D' 'F' 'H'],0.8476792102653605,958.6800000000001,143.802,99.99393158915879,0.6953584205307214
2126-['U' 'D' 'Q' 'E' 'L'],0.8447034146761828,965.28,144.792,99.82059363558773,0.6894068293523656
9001-['B' 'P' 'I' 'M' 'C'],0.8605505271181491,920.8799999999999,138.13199999999998,99.60713082376833,0.7211010542362982
4155-['V' 'K' 'C' 'Q' 'L'],0.8701147145322067,890.52,133.578,98.87836667556621,0.7402294290644134
6628-['J' 'V' 'F' 'M' 'U'],0.8664099471237944,895.08,134.262,98.38986464146979,0.732819894247589
6125-['U' 'S' 'D' 'G' 'D'],0.8684051872938376,862.3199999999999,129.34799999999998,95.30494833216659,0.7368103745876751
7802-['K' 'O' 'F' 'T' 'I'],0.8910287794475269,755.04,113.25599999999999,88.5727108902182,0.7820575588950538
3809-['R' 'Z' 'S' 'N' 'X'],0.8506572174035364,839.8799999999999,125.98199999999997,88.35299512586462,0.7013144348070728
6450-['W' 'E' 'H' 'Z' 'F'],0.8576742871230731,813.48,122.02199999999999,87.28826372666325,0.7153485742461462
6916-['J' 'L' 'N' 'R' 'X'],0.8755899661955088,753.48,113.022,84.89985831869758,0.7511799323910174
7517-['L' 'X' 'S' 'I' 'C'],0.8588297328996343,779.76,116.964,83.94032175774561,0.7176594657992682
6212-['G' 'L' 'G' 'W' 'G'],0.8382605926263935,818.8799999999999,122.83199999999998,83.09845022697031,0.6765211852527869
5540-['I' 'U' 'D' 'Q' 'Y'],0.878719873380695,692.4000000000001,103.86000000000001,78.66769209863799,0.7574397467613901
1011-['E' 'B' 'P' 'E' 'O'],0.8563405912305239,639.72,95.958,68.38746090659723,0.7126811824610478
